-- phpMyAdmin SQL Dump
-- version 4.0.10deb1
-- http://www.phpmyadmin.net
--
-- Хост: localhost
-- Время создания: Окт 06 2015 г., 14:36
-- Версия сервера: 5.5.44-0ubuntu0.14.04.1
-- Версия PHP: 5.5.9-1ubuntu4.13

SET SQL_MODE = "NO_AUTO_VALUE_ON_ZERO";
SET time_zone = "+00:00";


/*!40101 SET @OLD_CHARACTER_SET_CLIENT=@@CHARACTER_SET_CLIENT */;
/*!40101 SET @OLD_CHARACTER_SET_RESULTS=@@CHARACTER_SET_RESULTS */;
/*!40101 SET @OLD_COLLATION_CONNECTION=@@COLLATION_CONNECTION */;
/*!40101 SET NAMES utf8 */;

USE `heaps`;

--
-- Дамп данных таблицы `heaps_app_celebrity`
--

INSERT INTO `heaps_app_celebrity` (`id`, `meta_title`, `meta_description`, `meta_keywords`, `firstname`, `lastname`, `nickname`, `excerpt`, `description`, `created_at`, `updated_at`, `status`, `slug`) VALUES
(1, '', '', '', 'Анна', 'Седокова', '', 'Украинская поп-певица, телеведущая, актриса. Бывшая солистка «золотого» состава украинской женской поп-группы «ВИА Гра» (2002—2004).', '<p>Уйдя из группы &laquo;ВИА Гра&raquo;, Анна снялась для мужского журнала Maxim, будучи на четвёртом месяце беременности[21]. В апреле 2006 года певица под псевдонимом Аннабель выпустила клип на песню &laquo;Моё сердце&raquo;. Первое после перерыва появление Анны на сцене состоялось в сентябре на фестивале &laquo;Пять звёзд&raquo; в Сочи. По результатам Анна стала обладателем &laquo;Приза зрительских симпатий&raquo;. В конце года она прошла кастинг и стала ведущей программы &laquo;Новые песни о главном&raquo; на Первом канале. Также в декабре Анна снялась для журнала Playboy, поскольку 90 % читателей этого журнала хотели видеть на обложке именно её[22]. В 2006 году Анна стала лауреатом фестиваля &laquo;Песня года&raquo; (Украина) с песней &laquo;Моё сердце&raquo;.[23] В конце 2006 &mdash; начале 2007 Анна подписала контракт с звукозаписывающей компанией REAL Records, выпустила клип на песню &laquo;Самая лучшая девочка&raquo;, появилась со своими песнями в нескольких передачах на российских и украинских каналах. Был анонсирован выход первого сольного альбома. Но затем по неизвестным причинам певица решила взять паузу. В 2008 году певица стала со-ведущей шоу российского &laquo;Первого канала&raquo; &laquo;Король ринга&raquo;, ведущей украинского телешоу &laquo;Телезвезда &mdash; суперзвезда&raquo;, а также приняла участие в проекте Ильи Авербуха &laquo;Ледниковый период-2&raquo;, где её партнёром стал фигурист-профессионал Андрей Хвалько. В сентябре 2008 года выпустила клип на песню &laquo;Привыкаю&raquo;. Также в 2008 году на украинском телевидении выходит сериал &laquo;Сила притяжения&raquo; с участием Седоковой[24]. По итогам 2008 года Анна была признана самой сексуальной телеведущей России по мнению рейтинга &laquo;ТОП 10 SEXY&raquo; Радио Монте-Карло и самой стильной телеведущей Украины по мнению &laquo;ELLE Style Awards&raquo;.[25][26] В декабре 2008 года Анна стала обладателем диплома фестиваля &laquo;Новые песни о главном&raquo; за песню &laquo;Привыкаю&raquo;.[27]</p>\r\n', '2015-10-02 12:41:13', '2015-10-05 13:33:10', 'public', 'sedokova-anna'),
(2, '', '', '', 'Шарлиз', 'Террон', '', 'Американская модель и киноактриса южноафриканского происхождения.', '<p>Шарли́з Те́рон (англ. Charlize Theron, МФА (англ.) [ʃɑrˈliːz ˈ&theta;ɛrən], МФА (афр.) [ʃɐrˈlis tron][2]; род. 7 августа 1975, Бенони, ЮАР) &mdash; американская модель и киноактриса южноафриканского происхождения. Стала известной в конце 1990-х годов благодаря ролям в фильмах &laquo;Два дня в долине&raquo;, &laquo;Могучий Джо Янг&raquo;, &laquo;Адвокат дьявола&raquo; и &laquo;Правила виноделов&raquo;. Получив высокие оценки критиков за роль серийной убийцы Эйлин Уорнос в фильме &laquo;Монстр&raquo;, Терон была удостоена многих престижных наград. Среди них были &laquo;Золотой глобус&raquo;, Премия Гильдии киноактёров США и номинация на BAFTA. Также она первой из родившихся в Африке была удостоена премии &laquo;Оскар&raquo; за исполнение главной роли. Впоследствии она была ещё раз номинирована на &laquo;Оскара&raquo; за роль в фильме &laquo;Северная страна&raquo;.</p>\r\n', '2015-10-02 13:40:25', '2015-10-05 16:07:17', 'public', 'terron-sharliz'),
(3, '', '', '', 'Том', 'Хенкс', 'Tom', 'Американский актёр, кинорежиссёр, сценарист и продюсер.', '<p>Помимо своих оскароносных ролей, Хэнкс известен совместными работами с режиссёром Стивеном Спилбергом. По состоянию на 2006 год, фильмы с участием Хэнкса собрали больше выручки (ок. 6 миллиардов долларов), чем фильмы с участием любого другого актёра. Самый прибыльный из его фильмов &mdash; &laquo;Код да Винчи&raquo; (2006). Также Том Хэнкс является актёром, получившим один из самых больших гонораров в истории кино (чуть более $51 млн, за роль профессора Роберта Лэнгдона в фильме &laquo;Ангелы и демоны&raquo;), больше него получил только Леонардо Ди Каприо ( $59 млн + % от сборов, за роль Кобба в фильме &laquo;Начало&raquo;)[2].</p>\r\n', '2015-10-02 14:01:40', '2015-10-05 13:33:00', 'public', 'henks-tom'),
(4, '', '', '', 'Валерий', 'Меладзе', '', 'Российский поп-певец, член правления Международного союза деятелей эстрадного искусства, Заслуженный артист Российской Федерации (2006), Народный артист Чеченской республики (2008). Младший брат Константина Меладзе.', '<p>Валерий Меладзе родился 23 июня 1965 года в Батуми в рабочем посёлке. Родители отношения к музыке не имели: бабушка, дедушка, отец и мать работали инженерами. Здесь же окончил музыкальную школу по классу фортепиано. В 1989 году окончил Николаевский кораблестроительный институт имени С. О. Макарова по специальности &laquo;инженер-механик по судовым энергетическим установкам&raquo;[4]. В 1989 году вместе со своим родным братом Константином Меладзе вошёл в состав группы &laquo;Диалог&raquo;, которую покинул в 1993 году. Впервые выступил сольно (с песней &laquo;Не тревожь мне душу, скрипка&hellip;&raquo;) в 1992 году в рамках программы концерта &laquo;Звёздный вечер&raquo;[5], посвящённой предстоящей зимней Олимпиаде в Альбервиле. С самого начала и по сей день автором текстов, музыки и аранжировок всех песен Валерия является Константин Меладзе. В 1993 году выступил в Киеве на фестивале цветов &laquo;Роксолана&raquo;. Тогда с Валерием заключил контракт продюсер Евгений Фридлянд[6]. В декабре 1993 года по приглашению Аллы Пугачёвой принял участие в её &laquo;Рождественских встречах&raquo; с песней &laquo;Лимбо&raquo;[7][8][9]. В 1995 году вышел первый сольный альбом Валерия Меладзе &laquo;Сэра&raquo;, моментально принесший ему славу. В 1996 году певец выпустил второй сольный альбом &laquo;Последний романтик&raquo;, название которого унаследовано от посвящённого пианисту-виртуозу Владимиру Горовицу фильма 1987 года. Через полгода после выхода второго альбома прошло два концерта в СК &laquo;Олимпийский&raquo;. В 1997 году Валерий Меладзе должен был выступать на конкурсе &laquo;Евровидение&raquo; с песней &laquo;Примадонна&raquo;, но заболел, и вместо него выступила автор песни Алла Пугачёва.[источник?] Она заняла 15-е место.</p>\r\n', '2015-10-02 14:04:27', '2015-10-05 13:32:54', 'public', 'meladze-valerij'),
(12, '', '', '', 'Татьяна', 'Котова', '', 'Российская певица, актриса, телеведущая, обладательница титула «Мисс Россия 2006», бывшая солистка украинской женской поп-группы «ВИА Гра» (2008—2010).', '<p>Татьяна Котова родилась&nbsp;<a href="https://ru.wikipedia.org/wiki/3_%D1%81%D0%B5%D0%BD%D1%82%D1%8F%D0%B1%D1%80%D1%8F" title="3 сентября">3 сентября</a>&nbsp;<a href="https://ru.wikipedia.org/wiki/1985_%D0%B3%D0%BE%D0%B4" title="1985 год">1985 года</a>&nbsp;в пос.&nbsp;<a href="https://ru.wikipedia.org/wiki/%D0%A8%D0%BE%D0%BB%D0%BE%D1%85%D0%BE%D0%B2%D1%81%D0%BA%D0%B8%D0%B9" title="Шолоховский">Шолоховский</a>&nbsp;<a href="https://ru.wikipedia.org/wiki/%D0%A0%D0%BE%D1%81%D1%82%D0%BE%D0%B2%D1%81%D0%BA%D0%B0%D1%8F_%D0%BE%D0%B1%D0%BB%D0%B0%D1%81%D1%82%D1%8C" title="Ростовская область">Ростовской области</a>&nbsp;в небольшой дружной семье. Отец&nbsp;&mdash; Николай Андреевич Котов, работал водителем-дальнобойщиком, позже занялся предпринимательской деятельностью. Мать&nbsp;&mdash; Марина Борисовна Котова, работала в банке в должности бухгалтера.<a href="https://ru.wikipedia.org/wiki/%D0%9A%D0%BE%D1%82%D0%BE%D0%B2%D0%B0,_%D0%A2%D0%B0%D1%82%D1%8C%D1%8F%D0%BD%D0%B0_%D0%9D%D0%B8%D0%BA%D0%BE%D0%BB%D0%B0%D0%B5%D0%B2%D0%BD%D0%B0#cite_note-1">[1]</a>&nbsp;У Татьяны есть младшая сестра Екатерина. В конкурсах красоты Татьяна Котова начала принимать участие ещё в школе. В юности она стала обладательницей титулов &laquo;Мисс Осень 98&raquo; и &laquo;Мисс Очарование&raquo;. Во время учёбы на экономическом факультете ЮФУ (Южного Федерального Университета), куда Татьяна поступила по совету родителей, её заметила руководитель модельного агентства &laquo;Имидж-Элит&raquo; и пригласила на обучение по курсу &laquo;Профессиональная модель&raquo;.</p>\r\n', '2015-10-02 14:08:51', '2015-10-05 13:32:49', 'public', 'kotova-tatyana'),
(13, '', '', '', 'Дуэйн', 'Джонсон', 'Скала', 'Американский рестлер и киноактёр, известный также под псевдонимом Скала.', '<p>С 1996 года по 2004 год выступал в World Wrestling Federation/Entertainment (WWF/E). С 2011 года вновь работает в WWE, нерегулярно выступая в основном на бренде Raw[1][2].</p>\r\n\r\n<p>Является восьмикратным чемпионом WWF/E, двукратным чемпионом WCW, двукратным интерконтинентальным чемпионом WWF и пятикратным командным чемпионом WWF.</p>\r\n\r\n<p>Также является шестым чемпионом Тройной короны и победителем Королевской битвы 2000 года. В 2000 году Джонсон написал автобиографическую книгу &laquo;The Rock Says&raquo;, которая дебютировала на первом месте в списке бестселлеров New York Times.</p>\r\n\r\n<p>С 2001 года он начал сниматься в кино, а в 2002 году исполнил главную роль в фильме &laquo;Царь скорпионов&raquo;. Его гонорар в 5,5 миллионов долларов был занесён в Книгу рекордов Гиннесса как наивысший гонорар за первую главную роль. Кроме того, Джонсон снялся в таких фильмах, как &laquo;Мумия возвращается&raquo;, &laquo;Широко шагая&raquo;, &laquo;Сокровище Амазонки&raquo;, &laquo;Doom&raquo;, &laquo;Зубная фея&raquo;, &laquo;Копы в глубоком запасе&raquo;, &laquo;G.I. Joe: Бросок кобры 2&raquo;, &laquo;Геракл&raquo;, а также в киносерии &laquo;Форсаж&raquo;.</p>\r\n', '2015-10-02 14:20:07', '2015-10-05 14:44:32', 'public', 'dzhonson-duejn'),
(14, '', '', '', 'Екатерина', 'Волкова', '', 'Российская актриса, телеведущая', '<p>В&nbsp;<a href="https://ru.wikipedia.org/wiki/2003_%D0%B3%D0%BE%D0%B4" title="2003 год">2003 году</a>&nbsp;Екатерина Волкова окончила&nbsp;<a href="https://ru.wikipedia.org/wiki/%D0%92%D1%8B%D1%81%D1%88%D0%B5%D0%B5_%D1%82%D0%B5%D0%B0%D1%82%D1%80%D0%B0%D0%BB%D1%8C%D0%BD%D0%BE%D0%B5_%D1%83%D1%87%D0%B8%D0%BB%D0%B8%D1%89%D0%B5_%D0%B8%D0%BC%D0%B5%D0%BD%D0%B8_%D0%9C._%D0%A1._%D0%A9%D0%B5%D0%BF%D0%BA%D0%B8%D0%BD%D0%B0" title="Высшее театральное училище имени М. С. Щепкина">ВТУ им. Щепкина</a>&nbsp;с красным дипломом и была принята в группу&nbsp;<a href="https://ru.wikipedia.org/wiki/%D0%93%D0%BE%D1%81%D1%83%D0%B4%D0%B0%D1%80%D1%81%D1%82%D0%B2%D0%B5%D0%BD%D0%BD%D1%8B%D0%B9_%D1%82%D0%B5%D0%B0%D1%82%D1%80_%D0%BA%D0%B8%D0%BD%D0%BE%D0%B0%D0%BA%D1%82%D1%91%D1%80%D0%B0" title="Государственный театр киноактёра">Государственного театра киноактёра</a>.</p>\r\n\r\n<p>В&nbsp;<a href="https://ru.wikipedia.org/wiki/2005_%D0%B3%D0%BE%D0%B4" title="2005 год">2005 году</a>&nbsp;была впервые взята на небольшую роль в документальном сериале &laquo;<a href="https://ru.wikipedia.org/wiki/%D0%9A%D1%83%D0%BB%D0%B0%D0%B3%D0%B8%D0%BD_%D0%B8_%D0%BF%D0%B0%D1%80%D1%82%D0%BD%D1%91%D1%80%D1%8B" title="Кулагин и партнёры">Кулагин и партнёры</a>&raquo;.</p>\r\n\r\n<p>С&nbsp;<a href="https://ru.wikipedia.org/wiki/2006_%D0%B3%D0%BE%D0%B4" title="2006 год">2006 года</a>&nbsp;Екатерина Волкова начинает активно сниматься в известных сериалах: &laquo;Любовь как любовь&raquo;, &laquo;<a href="https://ru.wikipedia.org/wiki/%D0%9A%D1%82%D0%BE_%D0%B2_%D0%B4%D0%BE%D0%BC%D0%B5_%D1%85%D0%BE%D0%B7%D1%8F%D0%B8%D0%BD%3F_(%D1%82%D0%B5%D0%BB%D0%B5%D1%81%D0%B5%D1%80%D0%B8%D0%B0%D0%BB)" title="Кто в доме хозяин? (телесериал)">Кто в доме хозяин?</a>&raquo;, &laquo;<a href="https://ru.wikipedia.org/wiki/%D0%9C%D0%BE%D0%BD%D1%82%D0%B5%D0%BA%D1%80%D0%B8%D1%81%D1%82%D0%BE_(%D1%82%D0%B5%D0%BB%D0%B5%D1%81%D0%B5%D1%80%D0%B8%D0%B0%D0%BB,_2008)" title="Монтекристо (телесериал, 2008)">Монтекристо</a>&raquo;.</p>\r\n\r\n<p>В 2006 году окончила&nbsp;<a href="https://ru.wikipedia.org/wiki/%D0%A4%D0%B8%D0%BD%D0%B0%D0%BD%D1%81%D0%BE%D0%B2%D1%8B%D0%B9_%D1%83%D0%BD%D0%B8%D0%B2%D0%B5%D1%80%D1%81%D0%B8%D1%82%D0%B5%D1%82" title="Финансовый университет">Академию бюджета и казначейства Министерства финансов Российской Федерации</a>&nbsp;с красным дипломом.</p>\r\n\r\n<p>В&nbsp;<a href="https://ru.wikipedia.org/wiki/2009_%D0%B3%D0%BE%D0%B4" title="2009 год">2009 году</a>&nbsp;Екатерину приглашают на одну из главных ролей в адаптации американского&nbsp;<a href="https://ru.wikipedia.org/wiki/%D0%A1%D0%B8%D1%82%D0%BA%D0%BE%D0%BC" title="Ситком">ситкома</a>&nbsp;&mdash; сериале &laquo;<a href="https://ru.wikipedia.org/wiki/%D0%92%D0%BE%D1%80%D0%BE%D0%BD%D0%B8%D0%BD%D1%8B" title="Воронины">Воронины</a>&raquo;. С&nbsp;<a href="https://ru.wikipedia.org/wiki/2010_%D0%B3%D0%BE%D0%B4" title="2010 год">2010 года</a>&nbsp;Екатерина снимается одновременно и в &laquo;Ворониных&raquo;, и в менее популярном сериале &laquo;<a href="https://ru.wikipedia.org/w/index.php?title=%D0%9E%D1%82%D0%B1%D0%BB%D0%B5%D1%81%D0%BA%D0%B8_(%D1%82%D0%B5%D0%BB%D0%B5%D1%81%D0%B5%D1%80%D0%B8%D0%B0%D0%BB)&amp;action=edit&amp;redlink=1" title="Отблески (телесериал) (страница отсутствует)">Отблески</a>&raquo;.</p>\r\n\r\n<p>В&nbsp;<a href="https://ru.wikipedia.org/wiki/2010_%D0%B3%D0%BE%D0%B4" title="2010 год">2010 и 2012 году</a>&nbsp;Екатерина Волкова снялась для журнала&nbsp;<a href="https://ru.wikipedia.org/wiki/Maxim" title="Maxim">МАХІМ</a><a href="https://ru.wikipedia.org/wiki/%D0%92%D0%BE%D0%BB%D0%BA%D0%BE%D0%B2%D0%B0,_%D0%95%D0%BA%D0%B0%D1%82%D0%B5%D1%80%D0%B8%D0%BD%D0%B0_%D0%92%D0%B0%D0%BB%D0%B5%D1%80%D1%8C%D0%B5%D0%B2%D0%BD%D0%B0#cite_note-1">[1]</a>. Стала победителем 2010 года<a href="https://ru.wikipedia.org/wiki/%D0%92%D0%B8%D0%BA%D0%B8%D0%BF%D0%B5%D0%B4%D0%B8%D1%8F:%D0%A1%D1%81%D1%8B%D0%BB%D0%BA%D0%B8_%D0%BD%D0%B0_%D0%B8%D1%81%D1%82%D0%BE%D1%87%D0%BD%D0%B8%D0%BA%D0%B8" title="Википедия:Ссылки на источники">[<em>источник&nbsp;не&nbsp;указан&nbsp;242&nbsp;дня</em>]</a>.</p>\r\n\r\n<p>По итогам 2009 года Екатерина Волкова вошла в тройку лучших актрис страны<a href="https://ru.wikipedia.org/wiki/%D0%92%D0%B8%D0%BA%D0%B8%D0%BF%D0%B5%D0%B4%D0%B8%D1%8F:%D0%A1%D1%81%D1%8B%D0%BB%D0%BA%D0%B8_%D0%BD%D0%B0_%D0%B8%D1%81%D1%82%D0%BE%D1%87%D0%BD%D0%B8%D0%BA%D0%B8" title="Википедия:Ссылки на источники">[<em>источник&nbsp;не&nbsp;указан&nbsp;609&nbsp;дней</em>]</a>.</p>\r\n\r\n<p>Вместе с коллегами по театру Екатерина Волкова выполнила постановку спектакля &laquo;Собака на сене&raquo;, где выступила в качестве продюсера.</p>\r\n\r\n<p>Екатерина Волкова за последние годы принимала участие в съёмках других программ: &laquo;<a href="https://ru.wikipedia.org/wiki/%D0%A3%D0%B3%D0%B0%D0%B4%D0%B0%D0%B9_%D0%BC%D0%B5%D0%BB%D0%BE%D0%B4%D0%B8%D1%8E" title="Угадай мелодию">Угадай мелодию</a>&raquo;, &laquo;<a href="https://ru.wikipedia.org/w/index.php?title=%D0%92_%D1%87%D1%91%D1%80%D0%BD%D0%BE%D0%B9-%D1%87%D1%91%D1%80%D0%BD%D0%BE%D0%B9_%D0%BA%D0%BE%D0%BC%D0%BD%D0%B0%D1%82%D0%B5...&amp;action=edit&amp;redlink=1" title="В чёрной-чёрной комнате... (страница отсутствует)">В чёрной-чёрной комнате...</a>&raquo;, &laquo;<a href="https://ru.wikipedia.org/wiki/%D0%A4%D0%BE%D1%80%D1%82_%D0%91%D0%BE%D1%8F%D1%80%D0%B4_(%D1%82%D0%B5%D0%BB%D0%B5%D0%B8%D0%B3%D1%80%D0%B0)" title="Форт Боярд (телеигра)">Форт Боярд</a>&raquo;, &laquo;<a href="https://ru.wikipedia.org/wiki/%D0%A1%D0%B0%D0%BC%D1%8B%D0%B9_%D1%83%D0%BC%D0%BD%D1%8B%D0%B9" title="Самый умный">Самый умный</a>&raquo;, &laquo;<a href="https://ru.wikipedia.org/wiki/%D0%A3%D1%80%D0%B0%D0%BB%D1%8C%D1%81%D0%BA%D0%B8%D0%B5_%D0%BF%D0%B5%D0%BB%D1%8C%D0%BC%D0%B5%D0%BD%D0%B8" title="Уральские пельмени">Уральские пельмени</a>&raquo;, &laquo;<a href="https://ru.wikipedia.org/wiki/%D0%9F%D1%83%D1%81%D1%82%D1%8C_%D0%B3%D0%BE%D0%B2%D0%BE%D1%80%D1%8F%D1%82_(%D1%82%D0%BE%D0%BA-%D1%88%D0%BE%D1%83)" title="Пусть говорят (ток-шоу)">Пусть говорят</a>&raquo;, &laquo;<a href="https://ru.wikipedia.org/wiki/%D0%94%D0%B5%D1%81%D1%8F%D1%82%D1%8C_%D0%BC%D0%B8%D0%BB%D0%BB%D0%B8%D0%BE%D0%BD%D0%BE%D0%B2" title="Десять миллионов">Десять миллионов</a>&raquo;, &laquo;<a href="https://ru.wikipedia.org/wiki/%D0%9A%D1%82%D0%BE_%D1%85%D0%BE%D1%87%D0%B5%D1%82_%D1%81%D1%82%D0%B0%D1%82%D1%8C_%D0%BC%D0%B8%D0%BB%D0%BB%D0%B8%D0%BE%D0%BD%D0%B5%D1%80%D0%BE%D0%BC%3F" title="Кто хочет стать миллионером?">Кто хочет стать миллионером?</a>&raquo;.</p>\r\n\r\n<p>С сентября 2011 года по июль 2012 года вела шоу &laquo;Давно не виделись!&raquo; на канале&nbsp;<a href="https://ru.wikipedia.org/wiki/%D0%A2%D0%92_%D0%A6%D0%B5%D0%BD%D1%82%D1%80" title="ТВ Центр">ТВ Центр</a>.</p>\r\n\r\n<p>С осени 2013 года по осень 2014 года вела программу &laquo;Мама на 5+&raquo; на&nbsp;<a href="https://ru.wikipedia.org/wiki/Disney_(%D0%A0%D0%BE%D1%81%D1%81%D0%B8%D1%8F)" title="Disney (Россия)">Канале Disney</a>.</p>\r\n\r\n<p>В 2014 году вместе с Шером Остоном исполнила песню &laquo;Эта история&raquo;.</p>\r\n\r\n<p>С&nbsp;<a href="https://ru.wikipedia.org/wiki/2014_%D0%B3%D0%BE%D0%B4" title="2014 год">2014 года</a>&nbsp;Екатерина Волкова вновь начинает активно играть в театральных постановках.</p>\r\n\r\n<p>21 февраля 2015 года стала участницей шоу &laquo;Империя Иллюзий: Братья Сафроновы&raquo; на телеканале&nbsp;<a href="https://ru.wikipedia.org/wiki/%D0%A1%D0%A2%D0%A1" title="СТС">СТС</a>. Съёмки состоялись в конце 2014 года.</p>\r\n\r\n<p>В 2015 году стала участницей нового сезона &laquo;Танцы со звездами&raquo;.</p>\r\n', '2015-10-02 14:29:52', '2015-10-05 13:12:46', 'public', 'volkova-ekaterina');

-- --------------------------------------------------------

INSERT INTO `heaps_app_filter` (`id`, `title`, `filter_type`) VALUES
(1, 'Спортсмены', 'career'),
(2, 'Актеры', 'career'),
(3, 'Шоумены', 'career'),
(4, 'Музыканты', 'career'),
(5, 'Ученые', 'career'),
(6, 'Политики', 'career');

INSERT INTO `heaps_app_celebrity_filter` (`id`, `celebrity_id`, `filter_id`) VALUES
(74, 1, 2),
(75, 1, 4),
(85, 2, 2),
(72, 3, 2),
(70, 4, 3),
(71, 4, 4),
(69, 12, 4),
(82, 13, 1),
(83, 13, 2),
(65, 14, 2),
(66, 14, 3);

-- --------------------------------------------------------

-- --------------------------------------------------------


INSERT INTO `heaps_app_photo` (`id`, `title`, `image`, `celebrity_id`) VALUES
(2, '', 'photo/9f81a23b93f0eca459a1b9c7891a20ce0c1ed30a.jpg', 1),
(7, '', 'photo/4528c06c150c34271a321efe89c6826294c1c8fb.jpg', 2),
(8, '', 'photo/064d08e1cf509c57ca30555629fc08d6c7996abd.jpg', 3),
(9, '', 'photo/a11e773f1ef0d431eff54f6a3de03938f3365bb6.jpg', 4),
(10, '', 'photo/84c17c48bae9036b5bfbd93b3d075369a00cdf40.jpg', 12),
(11, '', 'photo/fba295b4d779c44ddb185916add8025f98876f15.png', 13),
(12, '', 'photo/23dd0d550e782a7bfbe3bf1d6b78447d698de0b1.jpg', 14);

-- --------------------------------------------------------

--
-- Дамп данных таблицы `heaps_app_socialnetwork`
--

INSERT INTO `heaps_app_socialnetwork` (`id`, `social_network`, `url`, `celebrity_id`) VALUES
(1, 'vk', 'https://vk.com/annsedokova', 1),
(2, 'instagram', 'https://instagram.com/annasedokova/', 1),
(3, 'facebook', 'https://www.facebook.com/charlizetheron', 2),
(4, 'facebook', 'https://www.facebook.com/TomHanks', 3),
(5, 'facebook', 'https://www.facebook.com/meladzeofficial', 4),
(6, 'vk', 'http://vk.com/meladze_valery', 4),
(28, 'facebook', 'https://www.facebook.com/KotovaTatiana', 12),
(29, 'vk', 'http://vk.com/tatianakotova', 12),
(30, 'instagram', 'https://instagram.com/kottova/', 12),
(31, 'facebook', 'https://www.facebook.com/dwaynejohnson.ru', 13),
(32, 'instagram', 'https://instagram.com/therock/', 13),
(33, 'facebook', 'https://www.facebook.com/volkovihome', 14),
(34, 'vk', 'http://vk.com/volkovaofficial', 14),
(35, 'instagram', 'https://instagram.com/volkovihome/', 14);


/*!40101 SET CHARACTER_SET_CLIENT=@OLD_CHARACTER_SET_CLIENT */;
/*!40101 SET CHARACTER_SET_RESULTS=@OLD_CHARACTER_SET_RESULTS */;
/*!40101 SET COLLATION_CONNECTION=@OLD_COLLATION_CONNECTION */;
